month,total_articles,with_text,usable_text,median_text_len,pct_with_text,pct_usable_text
2025-01,28202,22270,20477,3262.0,78.966030777959,72.60832565066308
2025-02,6325,5309,4990,3629.0,83.93675889328063,78.89328063241106
2025-03,2330,2064,1840,3294.0,88.58369098712447,78.96995708154506
2025-04,1945,1737,1538,3162.0,89.30591259640103,79.07455012853471
2025-05,1232,1100,1011,3194.5,89.28571428571429,82.06168831168831
2025-06,867,807,742,4090.0,93.0795847750865,85.58246828143022
